date,cup,occasion
01-01,NEW YEAR CUP,New Year's Day (Japan)
01-03,CHERRY CUP,
01-04,TOUCH CUP,
01-07,SEVEN HERBS CUP,Nanakusa no Sekku (Japan)
01-10,CHOCOLATE CUP,
01-11,SKETCH CUP,
01-16,GRAIN CUP,
01-17,STYLE CUP,
01-19,FRIENDSHIP CUP,
01-21,HUG CUP,
01-22,SPICE CUP,
01-24,KINDNESS CUP,
01-25,COFFEE CUP,
01-26,TRAVEL CUP,
01-28,MUSIC CUP,
02-01,CAKE CUP,
02-04,PLANT CUP,
02-07,SANDWICH CUP,
02-10,CLOTH CUP,
02-14,BOOK CUP,
02-16,GRAPE CUP,
02-17,SCIENCE CUP,
02-20,FAIRNESS CUP,
02-21,LANGUAGE CUP,
02-22,SWEET POTATO CUP,
02-23,DOG CUP,
02-24,COCKTAIL CUP,
02-25,PEANUT CUP,
02-27,VOLUNTEER CUP,
02-29,FROG CUP,
03-01,KINDNESS CUP,
03-02,CAT CUP,
03-03,HINA DOLL CUP,Hinamatsuri (Japan)
03-04,CAKE CUP,
03-05,POTATO CUP,
03-06,CHEESECAKE CUP,
03-09,CRAB CUP,
03-11,WATER CUP,
03-15,SHOPPING CUP,
03-17,CLOVER CUP,
03-18,COOKIE CUP,
03-23,WEATHER CUP,
03-24,RAISIN CUP,
03-26,CANDY CUP,
03-28,CHOCOLATE CAKE CUP,
03-29,LEMON CAKE CUP,
04-01,BOOK CUP,
04-02,PICTURE BOOK CUP,
04-04,MOUSE CUP,
04-05,PIZZA CUP,
04-06,CAT CUP,
04-07,CAKE CUP,
04-08,CULTURE CUP,
04-09,ALMOND CUP,
04-10,DOG CUP,
04-12,SPACE CUP,
04-13,PEACH CUP,
04-16,PIZZA CUP,
04-17,HAIKU CUP,
04-18,ELECTRICITY CUP,
04-19,FRIENDSHIP CUP,
04-24,SAUSAGE CUP,
04-26,BREAD CUP,
04-27,CAKE CUP,
04-28,OFFICE CUP,
05-03,CONSTITUTION CUP,Constitution Memorial Day (Japan)
05-04,GREENERY CUP,Greenery Day (Japan)
05-05,CHILDREN CUP,Children's Day (Japan)
05-08,NURSE CUP,
05-10,HEALTH CUP,
05-11,MOCHA CUP,
05-14,BREAD CUP,
05-19,CHOCOLATE CAKE CUP,
05-22,FASHION CUP,
05-24,CROWN CUP,
05-28,BARBECUE CUP,
05-29,MOUNTAIN CUP,
06-01,CAKE CUP,
06-02,FRIENDSHIP CUP,
06-04,SAFETY CUP,
06-06,APPLE CAKE CUP,
06-09,HISTORY CUP,
06-11,CHOCOLATE CUP,
06-12,PEANUT COOKIE CUP,
06-14,DONATION CUP,
06-15,SMILE CUP,
06-17,CROCODILE CUP,
06-19,BIRD CUP,
06-23,PIZZA CUP,
06-25,FISH CUP,
06-28,FOOD CUP,
07-01,ICE CREAM CUP,
07-03,WAFER CUP,
07-04,MUSIC CUP,
07-05,WORK CUP,
07-06,LOVE CUP,
07-07,STAR CUP,Tanabata (Japan)
07-08,ICE CREAM CUP,
07-11,PEOPLE CUP,
07-12,SPICE CUP,
07-14,DIVERSITY CUP,
07-15,FRIENDSHIP CUP,
07-17,FAIRNESS CUP,
07-19,BERRY CAKE CUP,
07-21,SNACK CUP,
07-24,PLANT CUP,
07-25,FASHION CUP,
07-27,WHISKY CUP,
07-31,BERRY CAKE CUP,
08-01,WEB CUP,
08-06,CHAT CUP,
08-07,DRAGON CUP,
08-09,FRIENDSHIP CUP,
08-10,DOG CUP,
08-11,SANDWICH CUP,
08-13,GRAPE CUP,
08-14,ICE CREAM CUP,
08-15,PEACE CUP,Day to Remember the War Dead and Pray for Peace (Japan)
08-16,APPLAUSE CUP,
08-18,POETRY CUP,
08-21,TEA CUP,
08-22,MILK CUP,
08-24,MUSIC CUP,
08-27,ENERGY CUP,
08-28,RIBBON CUP,
08-31,SNACK CUP,
09-03,TOWER CUP,
09-07,PUMPKIN CUP,
09-08,READING CUP,
09-09,KIKU CUP,Choyo no Sekku (Japan)
09-11,BREAD CUP,
09-14,DONUT CUP,
09-16,AVOCADO CUP,
09-17,SANDWICH CUP,
09-18,CAKE CUP,
09-20,PIZZA CUP,
09-21,COOKIE CUP,
09-23,BOARD GAME CUP,
09-24,HAPPINESS CUP,National Bluebird of Happiness Day
09-28,BEER CUP,
10-06,FOREST CUP,
10-09,PIZZA CUP,
10-10,CAKE CUP,
10-11,PIZZA CUP,
10-12,SOUP CUP,
10-13,BRAIN CUP,
10-14,CHOCOLATE CUP,
10-17,SLOW CUP,
10-19,SEAFOOD SOUP CUP,
10-20,NUMBERS CUP,
10-21,PASTA CUP,
10-23,CROCODILE CUP,
10-25,PIZZA CUP,
10-26,HORSE CUP,
10-30,SCARF CUP,
10-31,HALLOWEEN CUP,Halloween
11-02,DOG CUP,
11-03,CULTURE CUP,Culture Day (Japan)
11-06,SNACK CUP,
11-07,GRAPE CUP,
11-08,X-RAY CUP,
11-10,NUMBERS CUP,
11-12,SANDWICH CUP,
11-14,PICKLES CUP,
11-15,COOKIE CUP,
11-16,KINDNESS CUP,
11-23,LABOR CUP,Labor Thanksgiving Day (Japan)
11-28,LIGHT CUP,
11-29,MOCHI CUP,
12-01,COOKIE CUP,
12-02,DOG CUP,
12-06,TOMATO SOUP CUP,
12-07,AIRPLANE CUP,
12-14,ORANGE CUP,
12-18,JOURNEY CUP,
12-19,MUSIC CUP,
12-20,FRIENDSHIP CUP,
12-21,COCONUT CUP,
12-22,COOKIE CUP,
12-24,CHRISTMAS EVE CUP,Christmas Eve
12-26,CANDY CUP,
12-29,SOUP CUP,
12-30,BAKING CUP,
12-31,NEW YEAR EVE CUP,New Year's Eve (Japan)
